,idproducto,codigo,descripcion,stock,precio_compra,precio_venta,fecha_ingreso,idDm,nombre_producto,descripccion,fecha_registro_dm,bar_code
,1,"MOALI 107","BOLSA CON FUELLE DORADO CON VALVULA",180,1.100,1.70,"2024-02-14 14:18:25",1,"BOLSA CON FUELLE DORADO CON VÁLVULA","500 GR.","2022-08-08 15:18:16","MOALI 107"
,3,"MOALI 307","BOLSAS CON FUELLE DORADO CON VALVULA",278,0.900,1.50,"2024-03-04 08:22:28",3,"BOLSA CON FUELLE DORADO CON VÁLVULA","250 GR.","2022-11-11 08:42:41","MOALI 307"
,4,"MOALI 407","BOLSAS CON FUELLE DORADO SIN VALVULA",101,0.700,1.10,"2024-03-01 09:10:49",4,"BOLSA CON FUELLE DORADO SIN VÁLVULA","250 GR.","2022-11-11 08:44:15","MOALI 407"
,5,"MOALI 507","BOLSA CON FUELLE PLATEADO CON VALVULA",3,1.500,2.40,"2024-02-16 15:37:28",5,"BOLSA CON FUELLE PLATEADO CON VÁLVULA","1000 GR.","2022-08-17 09:26:16","MOALI 507"
,6,"MOALI 607","BOLSAS CON FUELLE PLATEADO SIN VALVULA",1,1.200,2.00,"2023-12-15 07:11:01",6,"BOLSAS CON FUELLE PLATEADO SIN VÁLVULA","1000 GR.","2022-10-01 15:21:59","MOALI 607"
,8,"MOALI 807","BOLSAS CON FUELLE  PLATEADO SIN VALVULA",68,0.810,1.40,"2023-07-17 12:55:01",8,"BOLSAS CON FUELLE PLATEADO SIN VÁLVULA","500 GR.","2022-10-01 14:06:40","MOALI 807"
,9,"MOALI 907","BOLSAS CON FUELLE PLATEADO CON VALVULA",19,0.900,1.50,"2023-01-19 07:51:43",9,"BOLSAS CON FUELLE PLATEADO CON VÁLVULA","250 GR.","2022-10-01 15:20:32","MOALI 907"
,14,"MOALI 1407","BOLSAS CON FUELLE  NEGRO CON VALVULA",310,1.200,1.50,"2024-02-28 14:49:26",14,"BOLSAS CON FUELLE NEGRO CON VÁLVULA","250 G.","2022-12-06 08:01:49","MOALI 1407"
,16,"MOALI 1607","BOLSAS CON FUELLE KRAFF CON VALVULA",85,1.300,1.70,"2024-02-26 07:45:27",16,"BOLSAS CON FUELLE KRAFF CON VÁLVULA","500 GR.","2022-10-01 15:12:04","MOALI 1607"
,18,"MOALI 1707","BOLSAS CON FUELLE KRAFF CON VALVULA",226,1.200,1.50,"2024-02-28 13:39:51",17,"BOLSAS CON FUELLE KRAFF CON VÁLVULA","250 GR.","2022-10-01 15:13:16","MOALI 1707"
,19,"MOALI 1907","BOLSAS CON FUELLE KRAFF SIN VALVULA",415,0.650,1.10,"2024-03-01 11:26:22",19,"BOLSAS CON FUELLE KRAFF SIN VÁLVULA","250 GR.","2022-10-01 15:13:42","MOALI 1907"
,20,"MOALI 2007","BOLSAS CON FUELLE BLANCO SIN  VALVULA",162,0.600,1.10,"2024-03-02 08:37:37",20,"BOLSA CON FUELLE BLANCO SIN VÁLVULA","250 G.","2023-02-10 10:23:50","MOALI 2007"
,21,"MOALI 2107","BOLSAS CON FUELLE BLANCO CON VALVULA",232,1.300,1.50,"2024-02-24 08:55:01",21,"BOLSA CON FUELLE BLANCO CON VÁLVULA",250G,"2022-12-07 06:09:40","MOALI 2107"
,22,"MOALI 2207","BOLSAS CON FUELLE ROJO SIN VALVULA",3,0.600,1.10,"2023-12-27 13:51:38",22,"BOLSAS CON FUELLE ROJO SIN VÁLVULA","250 GR.","2022-10-01 15:23:36","MOALI 2207"
,24,"MOALI 2307","BOLSAS CON FUELLE ROJO CON VALVULA",3,0.900,1.50,"2023-09-27 08:26:12",23,"BOLSAS CON FUELLE ROJO CON VÁLVULA","250 GR.","2022-10-01 15:22:47","MOALI 2307"
,25,"MOALI 2407","BOLSA DOY PACK NEGRO CON VALVULA",19,1.700,2.20,"2024-02-12 16:12:25",24,"BOLSA DOY PACK NEGRO CON VÁLVULA","500 GR.","2022-10-01 13:46:12","MOALI 2407"
,27,"MOALI 2607","BOLSA  DOY PACK NEGRO SIN VALVULA",7,0.900,1.20,"2024-02-29 13:54:20",26,"BOLSA DOY PACK NEGRO SIN VÁLVULA","250 GR.","2022-08-17 09:14:41","MOALI 2607"
,28,"MOALI 2707","BOLSA DOY PACK BLANCO CON VALVULA",518,1.300,1.60,"2024-02-28 13:10:06",27,"BOLSA DOY PACK BLANCO CON VÁLVULA","250 GR.","2022-10-01 13:37:16","MOALI 2707"
,29,"MOALI 2807","BOLSA DOY PACK BLANCO SIN VALVULA",220,0.900,1.20,"2024-01-08 10:40:03",28,"BOLSA DOY PACK BLANCO SIN VÁLVULA","250 GR.","2022-10-01 13:38:16","MOALI 2807"
,31,"MOALI 3007","BOLSA DOY PACK KRAFF CON VENTANA Y  SINVALVULA",23,0.700,1.00,"2024-01-10 10:03:47",30,"BOLSA DOY PACK KRAFF CON VENTANA SIN VÁLVULA","250 G.","2022-12-03 19:25:46","MOALI 3007"
,34,"MOALI 3607","BOLSA DOY PACK NEGRO SIN VALVULA",169,0.650,0.90,"2024-01-24 15:38:27",36,"BOLSA DOY PACK NEGRO SIN VÁLVULA","150 GR.","2022-10-01 13:49:38","MOALI 3607"
,35,"MOALI 3707","BOLSAS DOY PACK NEGRO SIN VALVULA",100,0.600,0.80,"2024-02-05 08:01:21",37,"BOLSA DOY PACK NEGRO SIN VALVULA",50G,"2023-02-14 08:11:35","MOALI 3707"
,36,"MOALI 3507","BOLSAS DOY PACK TRANSPARENTE SIN VALVULA",650,0.600,0.90,"2024-01-24 15:37:41",35,"BOLSAS DOY PACK TRANSPARENTE SIN VÁLVULA","150 GR.","2022-10-01 15:30:25","MOALI 3507"
,39,"MOALI 3307","BOLSA DOY PACK KRAFF CON VALVULA",154,1.300,1.60,"2024-03-04 10:32:59",33,"BOLSA DOY PACK KRAFF CON VÁLVULA","250 G.","2022-12-03 19:29:29","MOALI 3307"
,40,"MOALI 3807","BOLSA DOY PACK BLANCO SIN VALVULA",1,0.650,0.90,"2024-01-10 09:55:06",38,"BOLSA DOY PACK BLANCO SIN VÁLVULA","150 GR.","2022-10-01 13:38:54","MOALI 3807"
,41,"MOALI 3907","BOLSA SELLO OCHO LADOS NEGRO CON VALVULA",212,1.700,2.20,"2024-02-26 07:55:08",39,"BOLSA SELLO DE  OCHO LADOS NEGRO CON VÁLVULA","500 G.","2022-12-03 14:41:57","MOALI 3907"
,45,"MOALI 4607","BOLSA SELLO OCHO LADOS ROJO CON VALVULA",242,1.300,1.80,"2024-02-26 10:37:01",46,"BOLSA SELLO DE OCHO LADOS ROJO CON VÁLVULA","250 GR.","2022-10-20 09:10:53","MOALI 4607"
,46,"MOALI 4707","BOLSA SELLO OCHO LADOS TURQUESA  CON VALVULA",121,1.300,1.80,"2024-03-04 09:20:32",47,"BOLSA SELLO DE OCHO LADOS TURQUESA CON VÁLVULA","250 GR.","2022-10-20 09:15:27","MOALI 4707"
,50,"MOALI 4307","BOLSA SELLO OCHO LADOS KRAFF CON VALVULA",255,1.800,2.20,"2024-02-22 09:56:50",43,"BOLSA SELLO DE OCHO LADOS KRAFF CON VÁLVULA","500 G.","2022-12-03 15:33:18","MOALI 4307"
,54,"MOALI 5007","CHOCOLATE  CON AGUAYMANTO DE 65%",37,6.500,12.00,"2024-03-02 14:34:55",50,"CHOCOLATE CON AGUAYMANTO MOALI",50G,"2023-01-11 20:35:36","MOALI 5007"
,59,"MOALI 5607","TAZAS SUVENIRS MOALI",1,12.000,15.00,"2023-12-22 10:35:09",56,"TAZAS SUVENIRS MOALI","06 ONZAS","2020-02-05 22:00:40","MOALI 5607"
,64,"MOALI 6807","COSTAL DE YUTE",1,15.000,20.00,"2023-05-17 07:32:16",68,"COSTAL DE YUTE",70000g,"2020-02-05 22:30:27","MOALI 6807"
,65,"MOALI 6007","FILTROS PARA SYPHON",3,16.520,25.00,"2022-01-04 13:30:44",60,"FILTROS PARA SYPHON",UND,"2020-02-05 22:15:25","MOALI 6007"
,68,"MOALI 7107","BOLSAS DE POLIPROPILENO 8*12*2",20532,0.090,0.20,"2024-02-16 07:55:49",71,"BOLSAS DE POLIPROPILENO 8*12*2","1000 GR.","2022-10-01 15:24:51","MOALI 7107"
,69,"MOALI 7207","BOLSAS  DE POLIPROPILENO 8*12*2",9594,0.070,0.10,"2024-03-01 09:47:49",72,"BOLSA DE POLIPROPILENO 8*12*2","500 GR.","2022-11-11 08:42:18","MOALI 7207"
,71,"MOALI 7307","BOLSA DE POLIPROPILENO 5*8*2",110,0.060,0.10,"2024-01-23 14:24:43",73,"BOLSA DE POLIPROPILENO 5*8*2","200 GR.","2022-10-01 13:35:20","MOALI 7307"
,72,"MOALI 7507","BOLSA DE POLIPROPILENO 3*10*2",8843,0.070,0.10,"2023-12-27 13:43:34",75,"BOLSA DE POLIPROPILENO 3*10*2","100 GR.","2022-10-01 13:34:30","MOALI 7507"
,80,"MOALI 8207","BOLSA CON FUELLE PLATEADO SIN VALVULA  (CLIENTE)",603,0.000,0.00,"2023-08-21 11:01:55",82,"BOLSA CON FUELLE PLATEADO SIN VÁLVULA (CLIENTE)","1000 GR.","2022-08-17 09:28:43","MOALI 8207"
,82,"MOALI 8507","BOLSA SELLO DE OCHO LADOS NEGRO  CON VALVULA (CLIENTE)",6527,0.000,0.00,"2024-02-16 14:09:11",85,"BOLSA SELLO DE 8 LADOS NEGRO CON VÁLVULA (CLIENTE)","250 GR.","2023-07-24 14:51:32","MOALI 8507"
,86,"MOALI 8707","BOLSAS CON FUELLE NEGRO SIN VALVULA (CLIENTE)",8306,0.000,0.00,"2023-10-27 10:44:50",87,"BOLSA CON FUELLE NEGRO SIN VÁLVULA (CLIENTE)","250 GR.","2022-10-21 13:01:37","MOALI 8707"
,87,"MOALI 8807","BOLSA CON FUELLE PLATEADO CON VALVULA(CLIENTE)",189,0.000,0.00,"2023-12-09 08:56:04",88,"BOLSA CON FUELLE PLATEADO CON VÁLVULA (CLIENTE)","1000 GR.","2022-08-17 09:26:37","MOALI 8807"
,92,"MOALI 9207","BOLSA DOY PACK NEGRO CON VALVULA (CLIENTE)",7581,0.000,0.00,"2023-11-23 09:08:59",92,"BOLSA DOY PACK NEGRO CON VÁLVULA (CLIENTE)","125 GR.","2022-10-01 13:47:55","MOALI 9207"
,111,"MOALI 9607","BOLSAS SELLO DE OCHO LADOS KRAFF CON VALVULA (CLIENTE)",4087,0.000,0.00,"2024-02-14 16:05:31",96,"BOLSA SELLO DE 8 LADOS KRAFF CON VÁLVULA (CLIENTE)","250 GR.","2022-10-27 09:12:03","MOALI 9607"
,112,"MOALI 9707","BOLSAS SELLO DE OCHO LADOS KRAFF CON VALVULA (CLIENTE)",9395,0.000,0.00,"2024-02-24 16:05:38",97,"BOLSA SELLO DE OCHO  LADOS BLANCO CHATA CON VALVULA (CLIENTE)","250 G","2022-12-03 14:51:42","MOALI 9707"
,117,"MOALI 10007","BOLSAS VIDURRIZAGA  (CLIENTE)",10101,0.000,0.00,"2024-03-04 04:45:28",100,"BOLSAS VIDURRIZAGA  (CLIENTE)","250 GR.","2022-10-01 15:42:05","MOALI 10007"
,118,"MOALI 10107","BOLSA CON FUELLE KRAFF CON VALVULA (CLIENTE)",8853,0.000,0.00,"2024-02-12 15:38:38",101,"BOLSA CON FUELLE KRAFF CON VÁLVULA (CLIENTE)","1000 GR.","2022-08-08 15:22:08","MOALI 10107"
,119,"MOALI 10207","BOLSAS DOY PACK KRAFF CON VALVULA (CLIENTE)",947,0.000,0.00,"2024-02-09 15:22:23",102,"BOLSAS DOY PACK KRAFF CON VÁLVULA (CLIENTE)","250 GR.","2022-10-01 15:26:38","MOALI 10207"
,122,"MOALI 10307","BOLSAS DOY PACK NEGRO SIN VALVULA (CLIENTE)",9249,0.000,0.00,"2024-01-05 10:11:32",103,"BOLSA DOY PACK NEGRO CON VÁLVULA (CLIENTE)","150 GR.","2022-10-25 10:43:45","MOALI 10307"
,123,"MOALI 10507","BOLSAS CON FUELLE NEGRO SIN VALVULA (CLIENTE)",9492,0.000,0.00,"2024-01-26 16:34:20",105,"BOLSAS CON FUELLE NEGRO SIN VÁLVULA (CLIENTE)","1000 GR.","2022-10-01 15:17:16","MOALI 10507"
,124,"MOALI 10407","BOLSA DOY PACK NEGRO SIN VALVULA (CLIENTE)",8518,0.000,0.00,"2024-02-16 08:09:13",104,"BOLSA DOY PACK NEGRO CON VÁLVULA (CLIENTE)","500 GR.","2022-10-01 13:48:14","MOALI 10407"
,137,"MOALI 10607","BOLSAS CON FUELLE NEGRO CON VALVULA(CLIENTE)",13248,0.000,0.00,"2024-02-05 14:01:53",106,"BOLSAS CON FUELLE NEGRO CON VALVULA  (CLIENTE)","250 GR.","2023-06-08 09:08:14","MOALI 10607"
,139,"moali 10707","BOLSA MONTEUTZ ORGANICO (CLIENTE)",8440,0.000,0.00,"2024-02-19 09:29:20",107,"BOLSA MONTEUTZ ORGÁNICO VERDE (CLIENTE)","250 GR.","2022-10-01 13:57:17","MOALI 10707"
,140,"moali 10807","BOLSA MONTEUTZ  ESPRESSO (CLIENTE)",9103,0.000,0.00,"2024-01-25 10:31:01",108,"BOLSA MONTEUTZ  ESPRESSO NARANJA (CLIENTE)","250 GR.","2022-10-01 13:55:44","MOALI 10807"
,141,"moali 10907","BOLSA MONTEUTZ AMARILLO (CLIENTE)",1687,0.000,0.00,"2024-02-27 16:10:47",109,"BOLSA MONTEUTZ MOLIDO AMARILLO (CLIENTE)","250 GR.","2022-11-07 12:57:26","MOALI 10907"
,142,"MOALI 11007","BOLSA CON FUELLE KRAFF SIN VALVULA (CLIENTE)",83,3.000,3.00,"2024-01-18 09:41:13",110,"BOLSA CON FUELLE KRAFF MOALI SERIG CÍTRICO",1000G,"2022-12-07 05:57:16","MOALI 11007"
,148,"MOALI 11207","BOLSA CON FUELLE NEGRO CON VALVULA",286,1.600,2.40,"2024-02-27 15:24:34",112,"BOLSA CON FUELLE NEGRO CON VÁLVULA","1000 GR.","2022-08-17 09:25:58","MOALI 11207"
,161,"MOALI 11707","BOLSAS CON FUELLE ROJO SIN VALVULA (CLIENTE)",9219,0.000,0.00,"2023-07-31 07:48:50",117,"BOLSAS CON FUELLE ROJO SIN VÁLVULA (CLIENTE)","250 GR.","2022-10-01 15:24:09","MOALI 11707"
,162,"MOALI 11607","BOLSA CON FUELLE BLANCO SIN VALVULA  (CLIENTE)",9573,0.000,0.00,"2024-01-29 09:18:44",116,"BOLSA CON FUELLE BLANCO SIN VÁLVULA (CLIENTE)","250 G.","2023-02-10 10:24:51","MOALI 11607"
,163,"MOALI 11807","BOLSA SELLO DE OCHO LADOS TURQUEZA (CLIENTE)",7265,0.000,0.00,"2024-03-04 09:04:21",118,"BOLSA SELLO DE 8 LADOS TURQUESA CON VÁLVULA (CLIENTE)","250 GR.","2022-10-29 13:06:38","MOALI 11807"
,164,"MOALI 11907","BOLSA DOY PACK BLANCO CON VALVULA (CLIENTE)",2583,0.000,0.00,"2024-03-01 15:25:20",119,"BOLSA DOY PACK BLANCO CON VÁLVULA (CLIENTE)","250 GR.","2022-10-01 13:36:53","MOALI 11907"
,165,"MOALI 12007","BOLSA MONTEUTZ GRANO (CLIENTE)",9353,0.000,0.00,"2024-01-25 10:30:26",120,"BOLSA MONTEUTZ GRANO ROJO (CLIENTE)","250 GR.","2022-10-01 13:56:52","MOALI 12007"
,181,"MOALI 12807","BOLSA SELLO DE OCHO LADOS KRAFF -  MOALI",90,1.200,1.80,"2022-12-19 16:26:36",128,,,"2022-12-07 06:04:59","MOALI 12807"
,188,"MOALI 13407","BOLSA CON FUELLE PLATEADO C/V (CLIENTE)",764,0.000,0.00,"2023-02-02 13:40:21",134,"BOLSA CON FUELLE PLATEADO CON VÁLVULA (CLIENTE)","250 GR.","2022-10-01 13:32:55","MOALI 13407"
,197,"MOALI 6907","CAJAS DE CARTON CM",32,3.780,5.00,"2024-03-04 09:38:49",69,"CAJAS DE CARTON CM",UND,"2020-05-20 15:02:08","MOALI 6907"
,202,"MOALI 14307","BOLSA OMAGUA (CLIENTE)",9994,0.000,0.00,"2020-10-06 19:54:57",143,"BOLSA OMAGUA (CLIENTE)",250.00,"2020-05-27 11:59:11","MOALI 14307"
,203,"MOALI 14407","BOLSAS S8L KRAFF SIN VALVULA (4X COFFEE)",251,0.000,0.00,"2023-12-09 09:52:29",144,"BOLSA SELLO DE 8 LADOS KRAFF CON VÁLVULA (CLIENTE)","500 GR.","2022-10-27 09:06:01","MOALI 14407"
,216,"MOALI 15307","BOLSAS CON FUELLE PLATEADO KBCSH S/V(CLIENTE)",922,0.000,0.00,"2022-03-23 10:41:21",153,"BOLSAS CON FUELLE PLATEADO KBCSH S/V(CLIENTE)","1000 GR.","2022-10-01 15:21:21","MOALI 15307"
,217,"MOALI 15407","BOLSAS DOY PACK NEGRO KBSCH C/V (CLIENTE)",503,0.000,0.00,"2023-11-17 14:15:51",154,"BOLSAS DOY PACK NEGRO BKSCH C/V (CLIENTE)","250 GR.","2022-10-01 15:27:38","MOALI 15407"
,218,"MOALI 15507","BOLSAS CON FUELLE NEGRO KBCSH C/V(CLIENTE)",9334,0.000,0.00,"2024-02-21 11:07:22",155,"BOLSA MONTEUTZ GRANO ROJO (CLIENTE)","1000 GR.","2022-11-07 12:57:57","MOALI 15507"
,219,"MOALI 15607","BOLSAS CON FUELLE PLATEADO KBCSH C/V(CLIENTE)",1000,0.000,0.00,"2020-10-05 23:08:49",156,"BOLSAS CON FUELLE PLATEADO KBCSH C/V(CLIENTE)","100 GR.","2022-10-01 15:20:57","MOALI 15607"
,222,"MOALI 15707","BOLSA CON FUELLE KRAFF SIN VALVULA 4X COFFEE (CLIENTE)",619,0.000,0.00,"2024-01-27 13:06:18",157,"BOLSA DOY PACK KRAFF  (CLIENTE)","250 G.","2022-12-03 19:46:14","MOALI 15707"
,224,"MOALI 15907","BOLSA S8L KRAFF SIN VALVULA",75,1.200,1.50,"2024-01-07 16:27:18",159,"BOLSA SELLO DE OCHO LADOS KRAFF SIN VÁLVULA","250 G.","2022-12-03 15:35:22","MOALI 15907"
,237,"MOALI 16407","BOLSA DOYPACK KRAFF MARRÓN   VENTANA BKSCH",10791,0.000,0.00,"2023-03-23 08:11:55",164,"BOLSA CON FUELLE MARRÓN CON VÁLVULA (CLIENTE)","250 GR.","2022-09-15 10:10:23","MOALI 16407"
,238,"MOALI 16507","BOLSA DOY PACK PLATEADO BKSCH (CLIENTE)",832,0.000,0.00,"2022-09-01 13:24:04",165,"BOLSA DOY PACK PLATEADO (CLIENTE)","250 GR.","2022-09-01 13:19:36","MOALI 16507"
,252,"MOALI 1507","BOLSAS CON FUELLE KRAFF CON VALVULA",206,1.600,2.40,"2024-03-04 08:26:13",15,"BOLSAS CON FUELLE KRAFF CON VÁLVULA","1000 GR.","2022-10-01 14:57:45","MOALI 1507"
,256,"MOALI 7907","CAFE TOSTADO BLEND",22,20.000,25.00,"2024-03-04 09:38:07",79,"CAFE TOSTADO BLEND",250g,"2020-02-07 18:14:23","MOALI 7907"
,257,"MOALI 8107","CAFE TOSTADO NOTAS CHOCOLATE CARAMELO 1000g",8,45.000,60.00,"2024-02-28 07:22:59",81,"CAFE TOSTADO MOALI  NOTAS CHOCOLATE CARAMELO","1 KG ","2021-06-01 14:39:07","MOALI 8107"
,260,"MOALI 17607","BOLSAS DOY PACK NEGRO SIN VALVULA (CLIENTE)",283,0.000,0.00,"2024-01-11 16:42:11",176,"BOLSAS DOY PACK NEGRO SIN VÁLVULA (CLIENTE)","50 GR.","2022-10-01 15:29:46","MOALI 17607"
,261,"MOALI 17707","BOLSA DOY PACK NEGRO SIN VÁLVULA  (CLIENTE)",9941,0.000,0.00,"2024-01-10 14:41:04",177,"BOLSA DOY PACK NEGRO SIN VÁLVULA (CLIENTE)","100 GR.","2022-08-16 07:35:29","MOALI 17707"
,265,"MOALI 18207","BOLSA DOY PACK KRAFF CON VALVULA -LT GER",48,0.800,1.20,"2022-12-03 19:39:28",182,"BOLSA DOY PACK KRAFF CON VÁLVULA -LT GER","250 G.","2022-12-03 19:27:01","MOALI 18207"
,273,"MOALI 7807","CAFE TOSTADO NOTAS CHOCOLATE",8,12.500,18.00,"2024-03-02 15:17:30",78,"CAFE TOSTADO MOALI  NOTAS CHOCOLATE CARAMELO",250g,"2021-04-30 10:53:59","MOALI 7807"
,276,"moali 7707","CAFE TOSTADO NOTAS CÍTRICAS",18,12.500,18.00,"2024-03-02 15:17:30",77,"CAFE TOSTADO MOALI NOTAS CÍTRICO CEREZAS MADURAS",250G,"2023-01-11 18:45:26","MOALI 7707"
,292,"MOALI 18807","BOLSA CON FUELLE DORADO CON VALVULA (CLIENTE)",896,0.000,0.00,"2023-02-20 08:06:43",188,"BOLSA CON FUELLE DORADO CON VÁLVULA (CLIENTE)","500 GR.","2022-08-08 15:20:42","MOALI 18807"
,312,"MOALI 4107","BOLSAS SELLO DE OCHO LADOS BLANCO CON VALVULA",338,1.200,1.80,"2024-03-04 10:01:44",41,"BOLSA SELLO DE OCHO LADOS BLANCO CON VÁLVULA","250 G.","2022-12-03 14:52:15","MOALI 4107"
,313,"MOALI 2507","BOLSA DOY PACK NEGRO CON VALVULA",332,1.200,1.60,"2024-03-01 15:50:39",25,"BOLSA DOY PACK NEGRO CON VÁLVULA","250 GR.","2022-10-01 13:46:33","MOALI 2507"
,323,"MOALI 20007","BOLSA SELLO DE OCHO LADOS BLANCO ( CLIENTE)",5104,0.000,0.00,"2024-03-01 11:00:07",200,"BOLSA SELLO DE 8 LADOS BLANCO CON VÁLVULA ( CLIENTE)","250 GR.","2022-10-20 08:47:53","MOALI 20007"
,341,"MOALI 20307","BOLSA DOY PACK NEGRO SIN VALVULA (CLIENTE)",8574,0.000,0.00,"2024-01-11 13:35:58",203,"BOLSA DOY PACK NEGRO SIN VÁLVULA (CLIENTE)","250 GR.","2022-10-01 13:50:13","MOALI 20307"
,353,"MOALI 20507","DOY PACK BLANCO CON VALVULA",17,1.000,1.30,"2024-01-07 16:38:27",205,"DOY PACK BLANCO CON VALVULA","150 g","2020-08-01 06:50:43","MOALI 20507"
,359,"MOALI 20607","BOLSAS SELLO DE OCHO LADOS ROJO CON VALVULA (CLIENTE)",488,0.000,0.00,"2024-02-16 10:22:40",206,"BOLSA SELLO DE 8 LADOS ROJO CON VÁLVULA (CLIENTE)","250 GR.","2022-11-23 08:41:49","MOALI 20607"
,362,"MOALI 20707","BOLSA FINCA CEDRO PAMPA (GOURMET)",1000,0.000,0.00,"2020-10-05 23:08:49",207,"BOLSA FINCA CEDRO PAMPA (GOURMET)","250 GR.","2022-10-01 13:54:49","MOALI 20707"
,363,"MOALI 20807","BOLSA FINCA CEDRO PAMPA (BOSQUE INTENSO)",1000,0.000,0.00,"2020-10-05 23:08:49",208,"BOLSA FINCA CEDRO PAMPA (BOSQUE INTENSO)","250 GR.","2022-10-01 13:53:41","MOALI 20807"
,364,"MOALI 20907","BOLSA FINCA CEDRO PAMPA (DEL MONTE)",1000,0.000,0.00,"2020-10-05 23:08:49",209,"BOLSA FINCA CEDRO PAMPA (DEL MONTE)","250 GR.","2022-10-01 13:53:56","MOALI 20907"
,366,"MOALI 21107","BOLSA CON FUELLE NEGRO CON VALVULA (CLIENTE)",9512,0.000,0.00,"2024-02-16 08:10:32",211,"BOLSA CON FUELLE NEGRO CON VÁLVULA (CLIENTE)","1000 GR.","2022-10-01 13:32:02","MOALI 21107"
,367,"MOALI 21207","BOLSA CON FUELLE PLATEADO  KBSCH  S/V(cliente)",10714,0.000,0.00,"2023-12-01 15:00:04",212,"BOLSA CON FUELLE PLATEADO SIN VÁLVULA (CLIENTE)","500 GR.","2022-10-29 12:49:34","MOALI 21207"
,384,"MOALI 21607","BOLSA DOY PACK NEGRO (CAFETALON)",380,0.000,0.00,"2022-07-26 15:07:56",216,"BOLSA DOY PACK NEGRO (CAFETALON)","250 GR.","2022-10-01 13:44:57","MOALI 21607"
,385,"MOALI 21707","BOLSA DOY PACK NEGRO (CAFETALON)",700,0.000,0.00,"2022-10-03 08:03:24",217,"BOLSA DOY PACK NEGRO (CAFETALON)","150 GR.","2022-10-01 13:45:14","MOALI 21707"
,386,"MOALI 21807","BOLSA DOY PACK NEGRO (CAFETALON)",699,0.000,0.00,"2021-03-10 09:48:11",218,"BOLSA DOY PACK NEGRO (CAFETALON)","100 GR.","2022-10-01 13:45:26","MOALI 21807"
,387,"MOALI 21907","BOLSA DOY PACK NEGRO (CAFETALON)",845,0.000,0.00,"2023-04-28 07:18:12",219,"BOLSA DOY PACK NEGRO (CAFETALON)","50 GR.","2022-10-01 13:45:51","MOALI 21907"
,388,"MOALI 22007","BOLSA DOY PACK NEGRO (CAFETALON)",900,0.000,0.00,"2024-02-09 09:27:25",220,"BOLSA DOY PACK NEGRO (CLIENTE)","1000 GR.","2022-08-23 08:51:24","MOALI 22007"
,394,"MOALI 22107","BOLSA CON FUELLE BLANCO CON VÁLVULA (CLIENTE)",8913,0.000,0.00,"2024-02-12 09:51:16",221,"BOLSA CON FUELLE BLANCO CON VÁLVULA (CLIENTE)","250 G.","2023-02-10 10:23:11","MOALI 22107"
,395,"MOALI 9107","BOLSA DOY PACK NEGRO CON VALVULA (CLIENTE)",3380,0.000,0.00,"2024-02-29 10:47:40",91,"BOLSA DOY PACK NEGRO CON VÁLVULA (CLIENTE)","250 GR.","2022-10-01 13:47:36","MOALI 9107"
,400,"MOALI 22607","BOLSA SELLO DE OCHO LADOS BLANCO CHAT",243,1.300,1.80,"2024-02-24 13:16:55",226,"BOLSA SELLO DE OCHO LADOS BLANCO CHATA CON VÁLVULA","250 G.","2022-12-03 15:02:03","MOALI 22607"
,401,"MOALI 22707","BOLSA SELLO DE OCHO LADOS NEGRO CHAT",380,1.300,1.80,"2024-02-13 15:46:42",227,"BOLSA SELLO DE OCHO LADOS NEGRO CHATA CON VÁLVULA","250 G.","2022-12-03 14:42:21","MOALI 22707"
,418,"MOALI 1307","BOLSAS CON FUELLE NEGRO SIN VALVULA",163,0.700,1.10,"2024-02-10 09:53:52",13,"BOLSAS CON FUELLE NEGRO SIN VÁLVULA","250 GR.","2022-10-01 15:15:20","MOALI 1307"
,423,"MOALI 23007","BOLSA DOY PACK KRAFF SIN VALVULA",103,0.900,1.20,"2024-02-29 13:55:05",230,"BOLSA DOY PACK KRAFF SIN VÁLVULA","250 G.","2022-12-03 19:24:39","MOALI 23007"
,425,"MOALI 23107","PREPARACIÓN DE MUESTRA",918,10.000,12.00,"2023-10-23 11:16:11",231,"PREPARACIÓN DE MUESTRA",.,"2020-09-02 08:56:42","MOALI 23107"
,447,"MOALI 23807","BOLSA DOY PACK TRANSPARENTE SIN VALVULA BKSCH",879,0.000,0.00,"2020-11-20 12:42:01",238,"BOLSA DOY PACK TRANSPARENTE SIN VÁLVULA BKSCH","250 GR.","2022-10-01 13:53:21","MOALI 23807"
,448,"MOALI 23907","BOLSA DOY PACK KRAFF CON VALVULA (CLIENTE)",3440,0.000,0.00,"2023-01-20 15:09:48",239,"BOLSA DOY PACK KRAFF CON VÁLVULA (CLIENTE)","500 G.","2022-12-03 19:27:27","MOALI 23907"
,449,"MOALI 24007","BOLSA DOY PACK KRAFF CON VALVULA (CLIENTE)",7,0.850,1.20,"2023-09-30 14:55:25",240,"BOLSA DOY PACK KRAFF CON VÁLVULA","150 G.","2022-12-03 19:29:09","MOALI 24007"
,480,"MOALI 24607","BOLSAS S8L BLANCO  CHAT (CLIENTE)",107,1.800,2.20,"2024-02-28 13:01:41",246,"BOLSAS SELLO  DE OCHO LADOS BLANCO CON VÁLVULA","500 G.","2022-12-03 15:09:46","MOALI 24607"
,482,"MOALI 24807","Café pergamino SañB.",12,8.000,9.50,"2021-08-04 08:19:50",248,"Café pergamino SañB.",249.00,"2020-09-23 14:13:22","MOALI 24807"
,488,"MOALI 25007","BOLSA CON FUELLE PLATEADO SIN VÁLVULA  (CLIENTE)",9065,0.000,0.00,"2022-09-07 15:23:58",250,"BOLSA CON FUELLE PLATEADO SIN VÁLVULA  (CLIENTE)","250 GR.","2022-10-01 13:33:26","MOALI 25007"
,490,"MOALI 25107","TRAMITE REGISTRO SANITARIO",980,1500.000,1500.00,"2023-10-09 10:40:35",251,"TRAMITE REGISTRO SANITARIO A TODO COSTO",.,"2022-07-19 09:37:00","MOALI 25107"
,505,"MOALI 22807","BOLSA SELLO DE OCHO LADOS KRAFF CHAT",28,1.200,1.80,"2023-08-14 07:50:46",228,"BOLSA SELLO DE OCHO LADOS KRAFF CHATA CON VÁLVULA","250 G.","2022-12-03 15:32:49","MOALI 22807"
,508,"MOALI 1207","BOLSAS CON FUELLE NEGRO SIN VALVULA",129,0.900,1.40,"2024-02-26 08:13:04",12,"BOLSAS CON FUELLE NEGRO SIN VÁLVULA","500 GR.","2022-10-01 15:14:56","MOALI 1207"
,517,"moali 26407","DRIPPER PLASTICO ACRILICO 1-4 TZ",1,30.000,40.00,"2024-02-19 19:59:57",264,"DRIPPER PLASTICO ACRILICO 1-4 TZ",0.0,"2020-10-20 07:34:04","MOALI 26407"
,518,"moali 26507","MIEL DE ABEJA 1LT",7,40.000,50.00,"2024-03-02 16:53:00",265,"MIEL DE ABEJA 1LT",1000g,"2020-10-20 07:35:12","MOALI 26507"
,522,"MOALI 26907","BOLSA CON FUELLE NEGRO CON VALVULA (CLIENTE)",10408,0.000,0.00,"2023-12-06 13:36:13",269,"BOLSA CON FUELLE NEGRO CON VÁLVULA (CLIENTE)","500 GR.","2022-10-01 13:31:46","MOALI 26907"
,526,"MOALI 27107","MOKA ITALEXPRES",3,38.000,45.00,"2024-02-27 14:57:20",271,"MOKA ITALEXPRES","9 TZAS ","2020-10-28 12:44:24","MOALI 27107"
,529,"MOALI 27507","BOLSA SELLO DE OCHO LADOS NEGRO SIN VALVULA",100,1.200,1.50,"2024-01-27 08:14:35",275,"BOLSA SELLO DE OCHO LADOS NEGRO SIN VÁLVULA","250 G.","2022-12-03 14:44:06","MOALI 27507"
,530,"MOALI 27607","CAFE ORO GEISHA ARM",33.5,40.000,45.00,"2024-02-27 14:31:08",276,"CAFE ORO GEISHA  CEM",0.0,"2024-01-10 10:15:24","MOALI 27607"
,531,"MOALI 27707","BOLSA DOY PACK PLATEADO SERIGRAFIADO BKSCH",2659,0.000,0.00,"2022-05-13 16:15:37",277,"BOLSA DOY PACK PLATEADO SERIGRAFIADO BKSCH","250 GR.","2022-10-01 13:51:11","MOALI 27707"
,532,"MOALI 27807","SERVICIO DE TRILLADO, CLASIFICADO,TOSTADO,ENVASADO DE BO",1,1482.000,1482.00,"2020-11-06 08:19:43",278,"SERVICIO DE TRILLADO, CLASIFICADO, TOSTADO Y ENVASADO DE 180 KG DE CAFÉ PERGAMINO SECO PRODUCTO ADQUIRIDO DEL GANADOR DEL CONCURSO DE ""CALIDAD DE CAFÉ"" DESARROLLADO EL 27 Y 28 DE AGOSTO DE 2020 SEGÚN TÉRMINOS DE REFERENCIA ADJUNTO",0,"2020-11-06 08:29:52","MOALI 27807"
,535,"MOALI 27907","BOLSAS DOY PACK BLANCO SERIGRAF MOALI  C/V",9495,0.000,0.00,"2024-02-26 13:44:14",279,"BOLSA SELLO DE 8 LADOS KRAFF CON VÁLVULA (CLIENTE)","1000 GR.","2022-11-11 12:57:07","MOALI 27907"
,536,"MOALI 28007","BOLSAS DOY PACK NEGRO SERIG MOALI S/V",42,2.700,2.70,"2024-02-26 08:55:47",280,"BOLSA DOY PACK  NEGRO   MOALI SERIG CON VÁLVULA","250 G.","2022-12-06 08:56:34","MOALI 28007"
,539,"MOALI 28307","BOLSA DOY PACK PLATEADO  BKSCH (CLIENTE)",976,0.000,0.00,"2020-11-18 12:37:16",283,"BOLSA DOY PACK PLATEADO  BKSCH (CLIENTE)","500 GR.","2022-10-01 13:50:27","MOALI 28307"
,540,"MOALI 28407","BOLSA DOY PACK NEGRO SERIGRAFIADO BKSCH",461,0.000,0.00,"2022-01-19 13:09:36",284,"BOLSA DOY PACK NEGRO SERIGRAFIADO BKSCH","250 GR.","2022-10-01 13:49:14","MOALI 28407"
,541,"MOALI 24707",Piscoffee,1,25.000,35.00,"2024-03-02 14:34:55",247,Piscoffee,500ml,"2020-09-18 09:06:45","MOALI 24707"
,544,"MOALI 7407","BOLSA DE POLIPROPILENO 5*10*2",927161,0.035,0.10,"2024-03-04 10:30:16",74,"BOLSA DE POLIPROPILENO 5*10*2","250 GR.","2022-10-01 13:34:46","MOALI 7407"
,547,"MOALI 28607","BOLSA DOY PACK PLATEADO CON VALVULA (CLIENTE)",916,0.000,0.00,"2021-11-03 15:38:14",286,"BOLSA DOY PACK PLATEADO CON VÁLVULA (CLIENTE)","250 GR.","2022-10-01 13:50:52","MOALI 28607"
,548,"MOALI 28707","BOLSA DOY PACK PLATEADO SIN VALVULA (CLIENTE)",963,0.000,0.00,"2023-04-14 07:16:50",287,"BOLSA DOY PACK PLATEADO SIN VÁLVULA (CLIENTE)","250 GR.","2022-10-01 13:51:41","MOALI 28707"
,550,"MOALI 28807","BOLSA DOY PACK BLANCO (CLIENTE)",8235,0.000,0.00,"2024-01-09 07:28:04",288,"BOLSA DOY PACK BLANCO (CLIENTE)","125 GR.","2022-08-04 08:23:45","MOALI 28807"
,551,"MOALI 28907","BOLSA CON FUELLE MARRON KSCH (CLIENTE)",9985,0.000,0.00,"2022-09-01 13:25:03",289,"BOLSA DOY PACK MARRÓN (CLIENTE)","250 GR.","2022-09-01 13:20:52","MOALI 28907"
,561,"MOALI 29607","CAFÉ PERGAMINO M.R.G L2",127.5,9.500,11.00,"2020-12-15 13:02:07",296,"CAFÉ PERGAMINO M.R.G L2","0 g","2020-12-05 09:45:15","MOALI 29607"
,562,"MOALI 4407","BOLSA SELLO OCHO LADOS KRAFF CON VALVULA",32,1.300,1.80,"2024-03-02 15:46:59",44,"BOLSA SELLO OCHO LADOS KRAFF CON VÁLVULA","250 GR.","2022-10-01 14:02:33","MOALI 4407"
,570,"MOALI 30107","BOLSA DOY PACK KRAFF (CLIENTE)",6492,0.000,0.00,"2023-10-13 08:55:58",301,"BOLSA DOY PACK KRAFF (CLIENTE)","125 G.","2022-12-03 19:29:59","MOALI 30107"
,575,"moali 4007","BOLSA SELLO DE OCHO LADOS NEGRO CON VALVULA",23,1.300,1.80,"2024-03-04 09:38:12",40,"BOLSA SELLO DE OCHO LADOS NEGRO CON VÁLVULA","250 G.","2022-12-03 14:45:01","MOALI 4007"
,580,"MOALI 30407","BOLSA CON FUELLE DORADO (CLIENTE)",3656,0.000,0.00,"2023-10-27 10:45:44",304,"BOLSA CON FUELLE DORADO SIN VÁLVULA (CLIENTE)","250 GR.","2022-10-21 13:01:17","MOALI 30407"
,592,"moali 7607","BOLSA DE POLIPROPILENO 18*26*2",9740,0.100,1.00,"2024-03-02 09:54:37",76,"BOLSA DE POLIPROPILENO 18*26*2","10 000 GR.","2022-10-01 13:34:15","MOALI 7607"
,600,"moali 13507","BOLSA CON FUELLE KRAFF MOALI SERG.",126,3.000,3.00,"2024-02-26 08:51:24",135,"BOLSA CON FUELLE NEGRO  MOALI SERIG CHOCOLATE CON VALVULA","1000 G.","2023-07-12 07:31:44","MOALI 13507"
,604,"MOALI 31307","FILTRO CHEMEX  CUADRADO DOBLADO  X 100",1,50.000,70.00,"2024-02-19 19:59:57",313,"FILTRO CHEMEX  CUADRADO DOBLADO  X 100",0.00,"2021-01-02 13:38:53","MOALI 31307"
,606,"MOALI 31107","CAFETERA CHEMEX 6 TAZAS 30 OZ",2,189.000,270.00,"2023-06-08 13:11:41",311,"CAFETERA CHEMEX 6 TAZAS 30 OZ",0.00,"2021-01-02 13:48:53","MOALI 31107"
,614,"moali 32007","Servicio para identificar el  perfil de tostado del café.",5,20.000,30.00,"2022-10-28 09:21:08",320,"Maquilado, de 30 Kg de café a todo costo (incluye entrega de café maquilado embolsado en 90 sobres con logo respectivo)",,"2022-10-28 09:20:17","MOALI 32007"
,615,"moali 32107","BOLSA CON FUELLE BLANCO  C/VALVULA",307,1.100,1.70,"2024-02-09 10:38:06",321,"BOLSA CON FUELLE BLANCO CON VÁLVULA","500 G.","2023-02-10 10:22:26","MOALI 32107"
,616,"moali 32207","BOLSAS CON FUELLE NEGRO C/VALVULA",20,1.130,1.70,"2023-01-16 07:58:41",322,,,"2023-02-10 10:52:51","MOALI 32207"
,621,"MOALI 32707","MOALI ARR21",0.029999999999996696,9.500,10.00,"2021-03-09 09:54:04",327,"MOALI ARR21","56.730 Kg","2021-03-08 14:25:43","MOALI 32707"
,622,"MOALI 32807","MOALI TEO21",9,9.000,12.00,"2021-04-10 09:22:54",328,"MOALI TEO21",0.0,"2021-03-29 10:58:43","MOALI 32807"
,623,"MOALI 17807","Bolsa doy pack negro s/v",53,0.850,1.30,"2022-10-31 15:19:53",178,,,"2022-12-03 20:35:00","MOALI 17807"
,626,"MOALI 33407","CAJA DE CARTON MED.",35,3.500,4.00,"2024-03-04 08:23:18",334,"CAJA DE CARTON MED.",0,"2021-04-14 08:06:12","MOALI 33407"
,628,"moali 32407","BOLSA CON FUELLE KRAFF SIN VALVULA",40,1.600,2.00,"2024-02-01 15:37:28",324,"BOLSA CON FUELLE KRAFF SIN VÁLVULA","1000 GR.","2022-08-08 15:24:36","MOALI 32407"
,631,"MOALI 8007","CAFE TOSTADO GEISHA",9,35.000,45.00,"2024-03-02 15:20:32",80,"CAFE TOSTADO GEISHA",250g,"2020-02-07 18:14:44","MOALI 8007"
,632,"moali 1807","BOLSAS CON FUELLE NEGRO CON VALVULA",93,1.400,1.70,"2024-02-20 14:32:47",18,"BOLSAS CON FUELLE NEGRO CON VÁLVULA","500 GR.","2022-10-01 15:14:07","MOALI 1807"
,633,"MOALI 5107","CHOCOLATE  CON ARANDANOS DE 65%",45,6.500,12.00,"2024-02-24 11:11:13",51,"CHOCOLATE  CON ARANDANOS MOALI",50G,"2023-01-11 20:36:43","MOALI 5107"
,635,"MOALI 11107","BOLSA SELLO DE OCHO LADOS  KRAFF SERIGRAFIADO- MOALI GEISH",214,2.770,2.77,"2024-02-14 14:28:26",111,"BOLSA SELLO DE OCHO LADOS  KRAFF MOALI","250 G.","2022-12-19 16:29:09","MOALI 11107"
,637,"MOALI 19307","CAFE TOSTADO NOTAS CHOCOLATE",16,25.000,30.00,"2024-03-02 16:53:00",193,"CAFE TOSTADO MOALI  NOTAS CHOCOLATE CARAMELO",500g,"2022-10-19 15:34:08","MOALI 19307"
,639,"moali 33707","Servicio de sellado",321.5,0.200,0.20,"2024-02-14 13:39:59",337,"Servicio de sellado",0,"2021-05-03 07:37:05","MOALI 33707"
,641,"MOALI 33907","BOLSA DOY PACK NEGRO S/VALVULA",44,1.000,1.40,"2024-02-13 07:56:36",339,"BOLSA DOY PACK NEGRO SIN VÁLVULA","500 GR.","2022-09-17 13:50:29","MOALI 33907"
,647,"MOALI 26707","PAJILLA DE CAFE",664,5.000,5.00,"2024-02-19 19:59:57",267,"PAJILLA DE CAFE","0 g","2020-10-22 09:00:17","MOALI 26707"
,649,"MOALI 34507","Miel de abeja",20,15.000,20.00,"2024-02-20 04:51:33",345,"Miel de abeja",250g,"2021-06-01 14:38:18","MOALI 34507"
,651,"MOALI 34607","SERVICIO DE COLOCACION DE VALVULA",99310,0.300,0.40,"2024-02-26 07:58:44",346,"SERVICIO DE COLOCACION DE VALVULA",0,"2021-06-11 07:55:00","MOALI 34607"
,652,"MOALI 12707","PRECINTO NEGRO",197,0.000,0.00,"2023-12-01 15:01:29",127,"BOLSAS DOY PACK NEGRO (CLIENTE)","5000 GR.","2022-09-15 12:22:36","MOALI 12707"
,653,"MOALI 34707","CASCARA DE CAFE",17,6.500,10.00,"2024-02-29 14:13:16",347,"CASCARA DE CAFE",0,"2022-09-01 15:49:06","MOALI 34707"
,654,"MOALI 24307","CAFE TOSTADO BOLSA POLIPROPILENO",9,10.000,12.00,"2024-02-27 14:51:10",243,"CAFE TOSTADO BOLSA POLIPROPILENO","250g ","2021-07-03 14:23:17","MOALI 24307"
,656,"MOALI 34807","CAFE TOSTADO NOTAS CITRICAS",2,45.000,60.00,"2024-02-20 04:51:33",348,"CAFE TOSTADO MOALI NOTAS CITRICAS , CEREZAS MADURAS.","1000 G","2023-01-11 18:41:36","MOALI 34807"
,657,"MOALI 34907","JABON DE TOCADOR DE CAFE",9,5.000,10.00,"2024-02-29 17:46:46",349,"JABON DE TOCADOR DE CAFE",0,"2021-07-10 10:58:33","MOALI 34907"
,659,"MOALI 33207","BOLSA CON FUELLE KRAFF SIN VALVULA",251,0.900,1.40,"2023-07-31 13:37:40",332,"BOLSA CON FUELLE KRAFF SIN VÁLVULA","500 GR.","2022-08-17 09:15:44","MOALI 33207"
,660,"moali 35107","MOLEDORA DE CAFE ACERO / SKU 785",4,100.000,130.00,"2022-01-07 15:01:13",351,"MOLEDORA DE CAFE ACERO / SKU 785",0.0,"2021-07-23 17:16:43","MOALI 35107"
,663,"MOALI 35307","BOLSA SELLO OCHO LADOS TURQUEZA S/V",8,1.200,1.50,"2024-01-07 16:33:09",353,"BOLSA SELLO DE OCHO LADOS TURQUESA SIN VÁLVULA","250 GR.","2022-10-20 09:16:53","MOALI 35307"
,664,"MOALI 35407","BOLSA SELLO OCHO LADOS KRAFF S/V",144,1.000,1.50,"2022-12-03 17:41:31",354,"BOLSA SELLO OCHO LADOS KRAFF SIN VÁLVULA","250 GR.","2022-09-17 14:13:29","MOALI 35407"
,666,"MOALI 35507","BEBIDAS MOALI",933,2.000,5.00,"2024-02-19 19:59:57",355,"BEBIDAS MOALI",0.0,"2021-07-29 10:20:10","MOALI 35507"
,667,"MOALI 35607","cafe tostado Moali notas chocolate y  caramelo",38,8.500,12.00,"2024-02-26 09:20:12",356,"CAFE TOSTADO MOALI NOTAS A CHOCOLATE CARAMELO",150g,"2022-10-19 15:19:08","MOALI 35607"
,669,"MOALI 35807","SERVICIOS DE EVALUACION FISICA Y SENSORIAL DE LAS MUESTRAS DE CAFE  QUE ESTAN PARTICIPANDO EN EL CONCURSO DE CAFES ESPECIALES PICHANAQUI 2021 LA TAZA JUNIN , EN EL MARCO DEL XXL FESTIVAL NACIONAL DEL CAFE PICHANAQUI 2021",88,650.000,650.00,"2023-09-04 18:03:28",358,"TALLER DE TOSTADO Y CATACIÓN",0,"2022-11-18 09:18:38","MOALI 35807"
,670,"MOALI 35907","DOY PACK KRAFF CON VENTANA C/VALVULA",10,1.300,1.50,"2024-01-07 16:58:23",359,"DOY PACK KRAFF CON VENTANA CON VÁLVULA","250 GR.","2022-08-18 07:19:21","MOALI 35907"
,674,"MOALI 6107","TETERA V60 -BUONO HARIO",3,178.000,250.00,"2024-02-10 16:57:47",61,"TETERA V60 -BUONO HARIO",800ML,"2021-09-04 12:08:19","MOALI 6107"
,675,"MOALI 36107","JARRA SERVIDORA CAFE 02B",1,65.000,85.00,"2024-02-19 19:59:57",361,"JARRA SERVIDORA V60 RANGER  02B",600ML,"2022-12-01 15:56:48","MOALI 36107"
,676,"MOALI 36207","SERVICIO DE MAQUILADO DE CAFE PARA LA ACTIVIDAD "" I FESTIVAL REGIONAL DE CAFE HUANCAVELICANO"", CUYO EVENTO SERA ORGANIZADO POR LA DIRECCION DE CONPETITIVIDAD AGRARIA DE LA DIRECCION REGIONAL AGRARIA HUANCAVELICA A TODO COSTO.(SEGUN EL ORDEN DE SERVICIO Nº 601-2021)",3,8500.000,8500.00,"2021-09-06 09:19:03",362,"SERVICIO DE MAQUILADO DE CAFE PARA LA ACTIVIDAD "" I FESTIVAL REGIONAL DE CAFE HUANCAVELICANO"", CUYO EVENTO SERA ORGANIZADO POR LA DIRECCION DE CONPETITIVIDAD AGRARIA DE LA DIRECCION REGIONAL AGRARIA HUANCAVELICA A TODO COSTO.(SEGUN EL ORDEN DE SERVICIO Nº 601-2021)",0,"2021-09-06 09:11:33","MOALI 36207"
,677,"MOALI 31607","CAFE TOSTADO 150g",3,25.000,30.00,"2024-03-02 16:53:00",316,"CAFE TOSTADO MOALI NOTAS CITRICAS , CEREZAS MADURAS.",500G,"2023-01-11 18:40:05","MOALI 31607"
,679,"moali 36007","BALANZA /CRONOMETRO -  HARIO",6,38.000,60.00,"2024-02-19 19:59:57",360,"BALANZA Y CRONOMETRO ELECTRONIC",KG,"2023-01-12 14:43:02","MOALI 36007"
,680,"MOALI 36407","BOLSA CON FUELLE BLANCO SIN/ VALVULA",95,1.000,1.40,"2024-02-08 09:36:36",364,"BOLSA CON FUELLE BLANCO SIN VÁLVULA","500 G.","2023-02-10 10:24:17","MOALI 36407"
,681,"moali 36507","CACAO EN POLVO",52,10.000,15.00,"2024-02-24 11:09:56",365,"CACAO EN POLVO  MOALI",200G.,"2023-02-24 16:05:35","MOALI 36507"
,682,"moali 36607","DOY PACK NEGRO MOALI SERGR",273,1.650,1.65,"2024-02-26 08:53:22",366,"BOLSA DOY PACK NEGRO  MOALI SERIG CON VALVULA","150 G.","2022-12-06 08:55:23","MOALI 36607"
,683,"MOALI 14807","PRECINTOS DORADOS",435,0.300,0.50,"2023-11-27 09:16:55",148,"PRECINTO NEGRO","0 g","2023-04-05 10:31:36","MOALI 14807"
,684,"MOALI 36707","BOLSA CON FUELLE KRAFF C/VALVULA CITRICO- SERG MOALI",71,2.960,2.96,"2024-02-15 14:54:23",367,"BOLSA CON FUELLE   BLANCO  SERIG CÍTRICO","500 G.","2024-01-10 06:31:23","MOALI 36707"
,685,"MOALI 36807","BOLSA CON FUELLE NEGRO C/VALVULA SERG-CHOCOLATADO-MOALI",189,2.960,2.96,"2024-02-26 16:06:41",368,"BOLSA CON FUELLE NEGRO  MOALI SERIG CHOCOLATE CON VALVULA","500 GR.","2023-02-08 13:23:43","MOALI 36807"
,686,"MOALI 36907","SERVICIO DE DISEÑO-BRANDING",97,500.000,500.00,"2024-02-23 10:14:28",369,"SERVICIO DE DISEÑO-BRANDING",0,"2021-11-10 08:58:31","MOALI 36907"
,687,"MOALI 37007","SERVICIO DE SERIGRAFIADO",997581,60.000,90.00,"2023-12-18 10:23:56",370,"SERIGRAFIADO DE BOLSAS",0,"2023-02-13 10:34:38","MOALI 37007"
,689,"MOALI 37107","PRENSA FRANCESA -TT",1,40.000,65.00,"2024-02-20 04:51:34",371,"PRENSA FRANCES ACERO /DORADO",1LT,"2023-07-27 18:58:10","MOALI 37107"
,691,"MOALI 37307","TERMO -SD",1,16.900,25.00,"2022-01-04 13:43:40",373,"TERMO -SD",0,"2021-11-18 10:41:06","MOALI 37307"
,692,"MOALI 37407","CAFETERA A PRESION NEGRO -SD",1,73.500,100.00,"2021-11-27 08:09:46",374,"CAFETERA A PRESION NEGRO -SD",0,"2021-11-18 10:42:26","MOALI 37407"
,697,"moali 37907",PERDIGONES,7,4.000,8.00,"2024-02-26 18:36:03",379,"PERDIGONES DE CAFE MOALI",50G,"2023-01-11 20:38:34","MOALI 37907"
,698,"MOALI 38007","SERVICIO DE SECADO DE CAFE",68.4,1.000,1.00,"2021-12-08 08:36:17",380,"SERVICIO DE SECADO DE CAFE",0,"2021-12-08 08:33:37","MOALI 38007"
,699,"MOALI 16907","FILTRO DE PAPEL BLANCO  V60 * 100 UND",9,28.570,35.00,"2024-02-29 08:56:04",169,"FILTRO DE PAPEL BLANCO  V60 * 100 UND",0,"2021-12-10 10:22:49","MOALI 16907"
,700,"MOALI 38207","PAROHUELA DE MADERA",18,15.000,25.00,"2023-04-28 10:54:15",382,"PAROHUELA DE MADERA",0,"2022-01-03 16:25:18","MOALI 38207"
,701,"moali 38307","PARIHUELA DE MADERA",1,15.000,20.00,"2022-11-22 11:06:11",383,"PARIHUELA DE MADERA",0,"2022-01-03 16:26:16","MOALI 38307"
,702,"MOALI 27307","BOLSA DOY PACK BLANCO MOALI - SERG",193,2.770,2.77,"2024-02-21 11:03:06",273,"BOLSA DOY PACK BLANCO MOALI SERIG CON VALVULA",250G,"2022-12-07 06:12:12","MOALI 27307"
,703,"MOALI 32307","PRECINTO DORADO",8,0.300,0.40,"2023-03-21 14:59:15",323,"PRECINTO DORADO",0,"2021-01-29 09:03:06","MOALI 32307"
,708,"MOALI 38607","SERVICIO POR DESARROLLO DE PERFIL DE TUSTE",65,100.000,100.00,"2022-12-31 08:54:11",386,"SERVICIO POR DESARROLLO DE PERFIL DE TUSTE",0,"2022-03-10 07:02:07","MOALI 38607"
,709,"MOALI 38707","SERVICIO DE CAPACITACION EN  CATACION Y BREWING DE CAFE",55,80.000,100.00,"2024-01-15 08:03:10",387,"SERVICIO DE CAPACITACION EN TOSTADO Y  CATACION DE CAFE",0,"2022-07-01 12:59:53","MOALI 38707"
,711,"MOALI 38907","SPECIALITY COFFEE ROASTED WHOLE BEAN VILLA RICA DON LUIS WANKA FOODS 250G",1,10.860,10.86,"2022-05-10 09:39:30",389,"SPECIALITY COFFEE ROASTED WHOLE BEAN VILLA RICA DON LUIS WANKA FOODS 250G",,"2022-05-07 07:13:21","MOALI 38907"
,712,"MOALI 39007","BOLSAS DOY PACK ROJO MATE CON VALVULA",18,1.300,1.60,"2024-02-23 08:42:29",390,"BOLSAS DOY PACK ROJO MATE CON VÁLVULA","250 GR.","2022-10-01 15:30:05","MOALI 39007"
,713,"MOALI 25307","GASTOS DE EMBALAJE Y ENVIOS",1045,22.000,22.00,"2023-12-29 12:42:48",253,"GASTOS DE ENVIO Y EMBALAJE",,"2023-04-11 07:20:42","MOALI 25307"
,715,"MOALI 39207","BOLSA SELLO OCHO LADOS NEGRO C/V",175,2.200,2.50,"2024-03-04 09:06:37",392,"BOLSA SELLO DE OCHO LADOS NEGRO CON VÁLVULA","1000 G.","2022-12-03 14:31:19","MOALI 39207"
,716,"MOALI 16607","BOLSA DOYPACK KRAFF SIN VALVULA(CLIENTE)",9635,0.000,0.00,"2023-12-20 10:26:20",166,"BOLSA DOY PACK KRAFF SIN VÁLVULA (CLIENTE)","250 GR.","2022-09-17 13:57:23","MOALI 16607"
,717,"moali 23607","BOLSA DOY PACK KRAFF SIN VALVULA (CLIENTE)",3,0.650,0.90,"2024-01-10 10:02:11",236,"BOLSA DOY PACK KRAFF SIN VÁLVULA",150G,"2024-01-10 10:01:31","MOALI 23607"
,718,"MOALI 39307","BOLSAS CON FUELLE BLANCO CON VALVULA (CLIENTE)",9460,0.000,0.00,"2023-11-21 15:26:51",393,"BOLSA CON FUELLE BLANCO CON VÁLVULA (CLIENTE)","500 G.","2023-02-10 10:22:47","MOALI 39307"
,719,"MOALI 9807","BOLSAS SELLO DE OCHO LADOS NEGRO CON VÁLVULA (CLIENTE)",8867,0.000,0.00,"2024-01-26 16:26:28",98,"BOLSA SELLO DE OCHO  LADOS NEGRO CON VÁLVULA (CLIENTE)","500 G.","2022-12-03 14:22:58","MOALI 9807"
,720,"moali 31407","BOLSA DOY PACK VERDE CON VÁLVULA (CLIENTE)",9939,0.000,0.00,"2024-02-14 15:30:46",314,"BOLSA DOY PACK VERDE CON VÁLVULA (CLIENTE)","250 GR.","2022-10-01 13:54:15","MOALI 31407"
,721,"moali 39507","BOLSA DOY PACK NARANJA CON VÁLVULA (CLIENTE)",9936,0.000,0.00,"2022-07-08 09:55:55",395,"BOLSA DOY PACK NARANJA CON VÁLVULA (CLIENTE)","250 GR.","2022-07-07 10:18:07","MOALI 39507"
,722,"moali 39407","BOLSA DOY PACK ROJO CON VÁLVULA (CLIENTE)",9606,0.000,0.00,"2023-10-31 15:01:45",394,"BOLSA DOY PACK ROJO CON VÁLVULA (CLIENTE)","250 GR.","2022-08-29 08:46:04","MOALI 39407"
,723,"moali 39607","BOLSAS FUELLE MONTEUTZ AMARILLO C/V(CLIENTE)",9555,0.000,0.00,"2024-02-19 09:29:52",396,"BOLSA MONTEUTZ MOLIDO AMARILLO (CLIENTE)","1000 GR.","2022-11-07 12:58:49","MOALI 39607"
,724,"moali 39707","BOLSA DE POLIPROPILENO (CLIENTE)",7656,0.000,0.00,"2024-02-29 08:30:32",397,"BOLSA DE POLIPROPILENO (CLIENTE)","250 GR.","2022-07-07 14:43:13","MOALI 39707"
,725,"moali 31807","BOLSA SELLO OCHO LADOS NEGRO (CLIENTE)",8240,0.000,0.00,"2024-01-26 16:36:13",318,"BOLSA SELLO DE OCHO LADOS NEGRO SIN VÁLVUL(CLIENTE)",250G,"2023-02-11 03:53:41","MOALI 31807"
,726,"moali 31707","BOLSA SELLO OCHO LADOS NEGRO CHATAS C/V (CLIENTE)",8875,0.000,0.00,"2024-02-28 08:13:46",317,"BOLSA SELLO DE OCHO  LADOS NEGRO CHATAS CON VALVULA (CLIENTE)","250 G.","2022-12-03 14:19:46","MOALI 31707"
,727,"MOALI 39907","BOLSA FUELLE MONTEUTZ NARANJA C/V (CLIENTE)",9879,0.000,0.00,"2024-02-19 09:28:42",399,"BOLSA MONTEUTZ ESPRESSO NARANJA (CLIENTE)","1000 GR.","2022-11-07 12:58:22","MOALI 39907"
,728,"MOALI 40007","DECANTADOR V60 VIDRIO Y SILICONA NEGRO",4,110.000,160.00,"2024-02-10 16:59:16",400,"DECANTADOR V60 VIDRIO Y SILICONA NEGRO","600 ML","2022-07-29 13:22:13","MOALI 40007"
,729,"MOALI 22907","BOLSA SELLO DE OCHO LADOS NEGRO (CLIENTE)",19697,0.000,0.00,"2024-03-04 09:06:20",229,"BOLSA SELLO DE OCHO LADOS NEGRO CON VÁLVULA (CLIENTE)","1000 G.","2022-12-03 14:24:58","MOALI 22907"
,730,"MOALI 40107","CAFÉ ORO NATURAL",0.009999999999999787,30.000,32.00,"2023-10-30 14:42:37",401,"CAFÉ ORO NATURAL",0,"2022-08-05 13:47:37","MOALI 40107"
,731,"MOALI 40207","BOLSA DOY PACK BLANCO SIN VÁLVULA (CLIENTE)",9087,0.000,0.00,"2024-02-14 13:04:00",402,"BOLSA DOY PACK BLANCO SIN VÁLVULA (CLIENTE)","250 GR. ","2022-08-06 10:56:00","MOALI 40207"
,733,"MOALI 40407","BOLSA DOY PACK ROJO MATE SIN VÁLVULA",30,0.680,1.20,"2024-02-19 19:59:57",404,"BOLSA DOY PACK ROJO MATE SIN VÁLVULA","250 GR.","2022-08-09 15:41:26","MOALI 40407"
,735,"moali 40607","BOLSA DOY PACK NEGRO CON VÁLVULA (CLIENTE)",9965,0.000,0.00,"2022-08-10 14:08:23",406,"BOLSA DOY PACK NEGRO CON VÁLVULA (CLIENTE)","450 GR.","2022-08-10 14:04:23","MOALI 40607"
,736,"MOALI 40907","BOLSA SELLO OCHO LADOS BLANCO S/V",9400,0.000,0.00,"2023-12-09 08:53:12",409,"BOLSA SELLO DE 8 LADOS BLANCO CON VÁLVULA (CLIENTE)","500 GR.","2022-10-29 13:17:34","MOALI 40907"
,738,"MOALI 41207","BOLSA SELLO OCHO LADOS KRAFF CHATA (CLIENTE)",9750,0.000,0.00,"2022-09-29 07:44:46",412,"BOLSA SELLO DE 8 LADOS KRAFF CHATA C/V (CLIENTE)","250 GR.","2022-10-29 13:42:52","MOALI 41207"
,740,"moali 39807",Piscoffee,25,15.000,20.00,"2024-03-04 09:38:07",398,Piscoffee,"250 ml","2022-07-14 07:28:05","MOALI 39807"
,742,"moali 41607",CHOCOTEJAS,31,3.750,5.00,"2024-03-04 09:38:07",416,"CHOCOTEJAS DE CAFE MOALI","10 G","2023-01-11 20:42:14","MOALI 41607"
,743,"MOALI 11507","BOLSA SELLO DE OCHO LADOS MORADO (CLIENTE)",19958,0.000,0.00,"2024-02-26 09:02:45",115,"BOLSA POLIPROPILENO (CLIENTE)","125 GR.","2022-10-13 12:58:49","MOALI 11507"
,744,"moali 41707","Pack moali mediano",4,75.000,80.00,"2024-02-29 12:53:50",417,"PACKS  MOALI CAFE MEDIANO",0,"2022-10-22 18:04:49","MOALI 41707"
,747,"MOALI 14707","BOLSA CON FUELLE VERDE CON VÁLVULA (CLIENTE)",9376,0.000,0.00,"2023-11-04 08:57:27",147,"BOLSA CON FUELLE VERDE CON VÁLVULA (CLIENTE)","250 GR.","2022-09-15 10:12:33","MOALI 14707"
,749,"MOALI 42107","KIT NIEGRO CRAT PLASTICO 1-4 TAZA- JARRA 700 ML   FILTRO X40",5,125.000,160.00,"2023-11-03 14:01:33",421,"KIT NEGRO CRAT PLASTICO 1-4 TAZA- JARRA 700 ML + FILTRO X40",0,"2022-12-05 22:58:48","MOALI 42107"
,750,"MOALI 41007","BOLSA GRAINPRO (CLIENTE)",9985,0.000,0.00,"2024-02-27 15:38:37",410,"BOLSA GRAINPRO (CLIENTE)","25 000 GR.","2022-10-05 07:50:25","MOALI 41007"
,752,"MOALI 42207","AEROPRESS GO",3,140.000,180.00,"2023-07-28 14:40:44",422,"AEROPRESS GO",0,"2022-10-19 16:01:01","MOALI 42207"
,756,"MOALI 6707","SUPER BOLSA GRAINPRO MUESTRAS /CIERRE ZIPLOCK",2,0.700,1.00,"2022-10-29 13:56:54",67,"SUPER BOLSA GRAINPRO MUESTRAS /CIERRE ZIPLOCK",100g,"2022-10-29 13:56:05","MOALI 6707"
,757,"MOALI 42607","ACEITE DE CAFÉ",6,5.000,10.00,"2024-02-29 17:49:26",426,"ACEITE DE CAFÉ",30ml,"2022-11-03 11:44:54","MOALI 42607"
,758,"moali 16807","BOLSA SELLO DE 8 LADOS TURQUESA SIN VÁLVULA (CLIENTE)",9078,0.000,0.00,"2024-01-27 16:17:16",168,"BOLSA SELLO DE 8 LADOS TURQUESA SIN VÁLVULA (CLIENTE)","250 GR.","2022-10-29 13:41:08","MOALI 16807"
,759,"MOALI 40807","BOLSA DOY PACK NEGRO SIN VÁLVULA (CLIENTE)",9968,0.000,0.00,"2024-02-12 08:25:55",408,"BOLSA DOY PACK NEGRO SIN VÁLVULA (CLIENTE)","500 GR.","2022-11-10 10:55:39","MOALI 40807"
,763,"MOALI 42807","BOLSAS DOY PACK NEGRO SERIG MOALI S/V",283,0.750,0.75,"2024-01-10 06:40:00",428,"BOLSA DOY PACK NEGRO  MOALI SERIG  CON VALVULA","50 G","2022-12-07 05:49:38","MOALI 42807"
,764,"MOALI 42907","BOLSAS SELLO OCHO LADOS BLANCO SIN VÁLVULA",42,1.400,1.70,"2024-01-07 16:25:17",429,"BOLSAS SELLO DE OCHO LADOS BLANCO SIN VÁLVULA",500G,"2022-12-03 14:09:57","MOALI 42907"
,766,"moali 40707","BOLSA SELLO DE OCHO LADOS NEGRO SIN VÁLVULA (CLIENTE)",1000,0.000,0.00,"2023-12-29 10:07:44",407,"BOLSA SELLO DE OCHO LADOS NEGRO SIN VÁLVULA (CLIENTE)","500 G.","2022-12-03 14:29:11","MOALI 40707"
,767,"MOALI 43107","BOLSA SELLO DE OCHO LADOS NEGRO SIN VÁLVULA",76,1.600,2.20,"2024-02-28 15:53:57",431,"BOLSA SELLO DE OCHO LADOS NEGRO SIN VÁLVULA",1000G.,"2022-12-03 17:45:47","MOALI 43107"
,768,"MOALI 3207","BOLSA DOY PACK KRAFF CON VENTANA SIN VÁLVULA",1,0.350,0.50,"2022-12-03 19:53:05",32,"BOLSA DOY PACK KRAFF CON VENTANA SIN VÁLVULA","80 G.","2022-12-03 19:25:06","MOALI 3207"
,770,"MOALI 43307","BOLSA DOY PACK VERDE SIN VALVULA",119,0.900,1.20,"2024-02-19 19:59:57",433,"BOLSA DOY PACK VERDE SIN VALVULA",250G,"2022-12-20 10:24:57","MOALI 43307"
,772,"MOALI 43407","DOY PACK NEGRO CON VALVULA",64,0.900,1.30,"2024-02-19 14:19:01",434,"DOY PACK NEGRO CON VALVULA",150G,"2023-01-04 14:22:56","MOALI 43407"
,776,"MOALI 44007","BOLSAS DE POLIPROPILENO (CLIENTE)",997,0.000,0.00,"2023-02-08 06:43:06",440,"BOLSAS DE POLIPROPILENO (CLIENTE)",500G,"2023-02-07 09:32:18","MOALI 44007"
,778,"MOALI 44807","TRAMITE POR AMPLIACIÓN DE REGISTRO SANITARIO",9,65.000,150.00,"2024-02-19 19:59:57",448,"TRAMITE POR AMPLIACIÓN DE REGISTRO SANITARIO",0,"2023-03-09 08:35:30","MOALI 44807"
,780,"moali 45107","BOLSA CON FUELLE BLANCO CON VÁLVULA",92,1.700,2.40,"2024-03-04 08:13:10",451,"BOLSA CON FUELLE BLANCO CON VÁLVULA",1000G,"2023-03-20 14:42:04","MOALI 45107"
,781,"MOALI 45307","GASTOS DE ENVIO Y EMBALAJE",46,25.000,25.00,"2024-03-04 08:26:47",453,"GASTOS DE ENVIO Y EMBALAJE",1,"2023-04-11 07:21:21","MOALI 45307"
,782,"moali 45407","GASTOS DE ENVIO Y EMBALAJE",68,30.000,30.00,"2024-03-04 08:23:36",454,"GASTOS DE ENVIO Y EMBALAJE",2,"2023-04-11 07:32:37","MOALI 45407"
,783,"moali 45507","GASTOS DE ENVIO Y EMBALAJE",81,40.000,40.00,"2024-01-13 07:24:15",455,"GASTOS DE ENVIO Y EMBALAJE",3,"2023-04-11 07:32:54","MOALI 45507"
,784,"moali 45607","GASTOS DE ENVIO Y EMBALAJE",93,60.000,60.00,"2024-01-05 14:02:00",456,"GASTOS DE ENVIO Y EMBALAJE",4,"2023-04-11 07:33:42","MOALI 45607"
,785,"moali 207","BOLSA CON FUELLE DORADO SIN VÁLVULA",150,1.000,1.40,"2024-01-07 16:48:10",2,"BOLSA CON FUELLE DORADO SIN VÁLVULA","500 GR.","2022-11-11 08:43:34","MOALI 207"
,787,"MOALI 45807","REDISEÑO DE PAKING PARA CAFE",993,50.000,50.00,"2024-02-19 19:59:57",458,"REDISEÑO DE PAKING PARA CAFE",0,"2023-04-26 07:51:47","MOALI 45807"
,788,"MOALI 45907","GASTOS DE ENVIO Y EMBALAJE",13,15.000,15.00,"2024-02-05 16:15:55",459,"GASTOS DE ENVIO Y EMBALAJE",6,"2023-05-05 07:36:53","MOALI 45907"
,790,"MOALI 46007","CURSO DE BREWING SCA",2,3120.000,3120.00,"2023-05-31 09:17:56",460,"CURSO DE BREWING SCA",1,"2023-05-31 09:10:57","MOALI 46007"
,791,"moali 46107","BOLSA CON FUELLE BLANCO CON VÁLVULA(CLIENTE)",9904,0.000,0.00,"2024-03-01 15:24:30",461,"BOLSA CON FUELLE BLANCO CON VÁLVULA(CLIENTE)",1000G,"2023-06-08 08:51:28","MOALI 46107"
,792,"MOALI 46207","BOLSA CON FUELLE KRAFF CON VALVULA  (CLIENTE)",1924,0.000,0.00,"2023-12-06 13:39:54",462,"BOLSA CON FUELLE KRAFF CON VALVULA  (CLIENTE)","500G ","2023-06-08 09:09:50","MOALI 46207"
,793,"MOALI 46407","BOLSAS CON FUELLE KRAFF CON VÁLVULA (CLIENTE)",8791,0.000,0.00,"2024-02-13 08:25:29",464,"BOLSAS CON FUELLE KRAFF CON VÁLVULA (CLIENTE)",250G,"2023-06-12 08:09:37","MOALI 46407"
,794,"MOALI 44707","BOLSA DOY PACK VERDE CON VALVULA",6,1.200,1.60,"2023-09-23 15:02:55",447,"BOLSA DOY PACK VERDE CON VALVULA",250G,"2023-02-24 16:01:16","MOALI 44707"
,795,"MOALI 46507","Cafe tostado en bolsas trilaminadas /serigrafia",45,1.300,1.30,"2023-08-11 14:40:33",465,"Bolsas s8l dorado C/V",125g,"2023-08-09 14:35:06","MOALI 46507"
,796,"MOALI 46607","ANTICIPO REGISTRO SANITARIO",4,700.000,700.00,"2023-07-07 08:12:10",466,"ANTICIPO REGISTRO SANITARIO",UND,"2023-07-05 13:28:05","MOALI 46607"
,797,"MOALI 46707","BOLSA MONTEUTZ ORGANICO VERDE",986,0.000,0.00,"2023-10-14 13:21:39",467,"BOLSA MONTEUTZ ORGANICO VERDE","1KG ","2023-07-15 09:37:08","MOALI 46707"
,798,"MOALI 46807","GASTOS DE EMBALAJE Y ENVIOS 7",181,20.000,20.00,"2024-02-07 15:54:55",468,"GASTOS DE EMBALAJE Y ENVIOS 7",0,"2023-08-03 09:19:37","MOALI 46807"
,799,"MOALI 39107","CERVESA  ARTESANAL",14,6.500,10.00,"2024-03-04 09:38:07",391,"CERVESA  ARTESANAL",.,"2022-05-19 13:41:37","MOALI 39107"
,800,"MOALI 46907","CAFE TOSTADO MOALI NOTAS CHOCOLATE CARAMELO",458,0.000,0.00,"2024-02-20 04:51:34",469,"CAFE TOSTADO MOALI NOTAS CHOCOLATE CARAMELO (OBSEQUIO)",50g,"2023-09-08 14:23:57","MOALI 46907"
,803,"MOALI 47307","CAFEA TOSTADO EN BOLSAS TRILAMINADAS CON SERIGRAFIA Y ETIQUETA",230,12.000,16.00,"2023-10-24 04:57:21",473,"CAFE TOSTADO EN BOLSAS TRILAMINADAS CON SERIGRAFIA Y ETIQUETA",250G,"2023-10-24 05:03:08","MOALI 47307"
,804,"MOALI 47407","BOLSA S8L BLANCO  SERIGRAFIADO A DOS COLORES (TIRA) VIDURRIZAGA ESTATE",1000,1.440,1.80,"2023-10-27 15:39:13",474,"BOLSA S8L BLANCO  SERIGRAFIADO A DOS COLORES (TIRA) VIDURRIZAGA ESTATE",250G,"2023-10-27 15:25:47","MOALI 47407"
,805,"MOALI 47607","GASTOS DE EMBALAJE Y ENVIOS",197,40.000,51.00,"2024-02-01 11:28:55",476,"GASTOS DE EMBALAJE Y ENVIOS",8,"2023-11-14 12:46:25","MOALI 47607"
,806,"MOALI 47707","GASTOS DE EMBALAJE Y ENVIOS",99,19.000,19.00,"2023-11-15 09:29:48",477,"GASTOS DE EMBALAJE Y ENVIOS",9,"2023-11-15 08:28:35","MOALI 47707"
,807,"MOALI 47807","CAFE TOSTADO MOLIDO FINCA DON LUIS WANKA FOODS DOYPACK",191,17.800,17.80,"2024-02-19 19:59:57",478,"CAFE TOSTADO GRANO FINCA DON LUIS WANKA FOODS DOYPACK",340G,"2023-11-21 18:22:18","MOALI 47807"
,809,"MOALI 45207","BOLSA CON FUELLE BLANCO SIN VÁLVULA",12,1.600,2.00,"2024-02-28 13:09:11",452,"BOLSA CON FUELLE BLANCO SIN VÁLVULA",1000G,"2023-03-20 14:42:31","MOALI 45207"
,812,"MOALI 48307","SERVICIO DE IMPRESION /DISEÑO",9,100.000,100.00,"2024-02-19 19:59:57",483,"SERVICIO DE IMPRESION DISEÑO",1und,"2023-12-05 07:13:23","MOALI 48307"
,813,"MOALI 48407","TRAMITE DE REGISTRO SANITARIO DE MIEL",10,850.000,1200.00,"2024-02-19 19:59:57",484,"TRAMITE DE REGISTRO SANITARIO DE MIEL",1KG,"2023-12-15 07:54:24","MOALI 48407"
,814,"MOALI 48507","SERVICIO DE TRAMITE REGISTRO SANITARIO DE POLVO DE CACAO",10,650.000,1000.00,"2023-12-15 07:57:45",485,"SERVICIO DE TRAMITE REGISTRO SANITARIO DE POLVO DE CACAO","1KG ","2023-12-15 07:54:53","MOALI 48507"
,815,"MOALI 48607","GASTOS DE ENVIO Y EMBALAJE 10",9,65.000,65.00,"2024-01-11 10:30:40",486,"GASTOS DE ENVIO Y EMBALAJE 10",UND,"2023-12-18 14:07:52","MOALI 48607"
,817,"MOALI 14107","CAFE ORO PACAMARA",10,22.000,25.00,"2024-02-19 19:59:57",141,"CAFE ORO PACAMARA",KG,"2023-12-30 10:27:10","MOALI 14107"
,818,"MOALI 48707","JABON DE CAFE CON CBD",11,12.000,15.00,"2024-02-01 14:41:37",487,"JABON DE CAFE CON CBD",50g,"2024-01-05 07:45:36","MOALI 48707"
,822,"moali 49107","BOLSAS SELLO DE OCHO LADOS BLANCO CON VALVULA (CLIENTE)",929,0.000,0.00,"2024-02-19 08:52:40",491,"BOLSAS SELLO DE OCHO LADOS BLANCO CON VALVULA (CLIENTE)","1KG ","2024-01-15 13:57:18","MOALI 49107"
,823,"MOALI 49207","BOLSA DOY PACK KRAFF  CON VALVULA (CLIENTE)",967,0.000,0.00,"2024-01-17 13:57:43",492,"BOLSA DOY PACK KRAFF  CON VALVULA (CLIENTE)",1KG,"2024-01-15 14:22:29","MOALI 49207"
,825,"moali 7007","BOLSAS DE POLIPROPILENO  14*20*2",1000,0.060,0.10,"2024-01-23 14:21:55",70,"BOLSAS DE POLIPROPILENO  14*20*2","5000 GR.","2022-10-01 15:24:34","MOALI 7007"
,827,"MOALI 49707","FILTRO ORIGAMI",1,30.000,45.00,"2024-02-19 19:59:57",497,"FILTRO ORIGAMI",UND,"2024-02-10 16:51:46","MOALI 49707"
,828,"MOALI 49607","DRIPER ARIGAMI CERAMICA",3,130.000,160.00,"2024-02-19 19:59:57",496,"DRIPER ARIGAMI CERAMICA",UND,"2024-02-10 16:31:59","MOALI 49607"
,829,"MOALI 49507","CLEVER DRIPPER CON PACK FILTRO",3,128.000,160.00,"2024-02-10 17:05:41",495,"CLEVER DRIPPER CON PACK FILTRO",UND,"2024-02-10 16:24:12","MOALI 49507"
,831,"MOALI 49907","CAFE ORO VERDE S/G-26224S11",258.25,20.000,23.00,"2024-03-04 09:21:19",499,"CAFE ORO VERDE S/G-26224S11",1kg,"2024-02-27 15:04:54","MOALI 49907"
